2022-04-05 15:59:46,1506571367
2022-04-05 16:00:52,1506571367
2022-04-05 16:01:44,1506571367
2022-04-05 16:03:48,1515725376
2022-04-05 16:05:44,1516241466
2022-04-05 16:07:48,1516390558
2022-04-05 16:09:52,1521321871
2022-04-05 16:10:52,1521321871
2022-04-05 16:11:53,1521321871
2022-04-05 16:12:51,1521321871
2022-04-05 16:13:47,1521321871
2022-04-05 16:15:46,1521321871
2022-04-05 16:17:48,1521321871
2022-04-05 16:19:49,1521321871
2022-04-05 16:21:51,1523728939
2022-04-05 16:22:50,1529867015
2022-04-05 16:23:47,1529867015
2022-04-05 16:24:46,1529867015
2022-04-05 16:25:47,1529867015
2022-04-05 16:27:50,1529867015
2022-04-05 16:28:47,1529867015
2022-04-05 16:29:48,1529867015
2022-04-05 16:32:50,1529867015
