2022-04-05 15:59:46,17158117053
2022-04-05 16:00:52,17158117053
2022-04-05 16:01:44,17158117053
2022-04-05 16:03:48,17167271062
2022-04-05 16:05:44,17167787152
2022-04-05 16:07:48,17167936244
2022-04-05 16:09:52,17172867557
2022-04-05 16:10:52,17172867557
2022-04-05 16:11:53,17172867557
2022-04-05 16:12:51,17172867557
2022-04-05 16:13:47,17172867557
2022-04-05 16:15:46,17172867557
2022-04-05 16:17:48,17172867557
2022-04-05 16:19:49,17172867557
2022-04-05 16:21:51,17175274625
2022-04-05 16:22:50,17181412701
2022-04-05 16:23:47,17181412701
2022-04-05 16:24:46,17181412701
2022-04-05 16:25:47,17181412701
2022-04-05 16:27:50,17181412701
2022-04-05 16:28:47,17181412701
2022-04-05 16:29:48,17181412701
2022-04-05 16:32:50,17181412701
2022-04-05 16:33:49,17181737701
2022-04-05 16:34:50,17182259944
2022-04-05 16:35:51,17182259944
2022-04-05 16:36:52,17182259944
2022-04-05 16:37:45,17182259944
2022-04-05 16:38:53,17183687427
2022-04-05 16:39:50,17183687427
2022-04-05 16:40:49,17190111310
2022-04-05 16:41:48,17190111310
2022-04-05 16:42:50,17190136310
2022-04-05 16:43:50,17190136310
2022-04-05 16:44:49,17190653868
2022-04-05 16:45:51,17249504297
2022-04-05 16:46:50,17249635578
2022-04-05 16:47:48,17249991089
2022-04-05 16:48:46,17249991089
2022-04-05 16:49:52,17249991089
2022-04-05 16:50:47,17256266089
2022-04-05 16:52:49,17256266089
2022-04-05 16:53:47,17256266089
2022-04-05 16:54:52,17256266089
2022-04-05 16:55:49,17256888869
2022-04-05 16:56:49,17256888869
2022-04-05 16:57:49,17257148198
2022-04-05 16:58:50,17257861574
2022-04-06 00:00:48,18369032528
2022-04-06 00:01:49,18369032528
2022-04-06 00:03:48,18369032528
2022-04-06 00:05:49,18369193845
2022-04-06 00:08:49,18369193845
2022-04-06 00:12:51,18369193845
2022-04-06 00:13:49,18369193845
2022-04-06 00:14:48,18369193845
2022-04-06 00:16:46,18388109691
2022-04-06 00:17:53,18388109691
2022-04-06 00:20:48,18388109691
2022-04-06 00:24:51,18390511170
2022-04-06 00:25:46,18390511170
2022-04-06 00:27:49,18391264637
